amfi_code,scheme_name,fund_house,category,cagr_3yr,sharpe_computed,sortino_computed,max_drawdown_pct,alpha_ann_pct,beta_computed,expense_ratio_pct,score_3yr_return,score_sharpe,score_alpha,score_expense,score_drawdown,composite_score,rank
102886,UTI Mid Cap Fund - Regular - Growth,UTI Mutual Fund,Mid Cap,-0.77,-0.2058,-0.3472,-28.0,3.1687,-0.025,1.51,92.31,89.74,94.87,60.26,87.18,86.86,1
100016,HDFC Top 100 Fund - Regular Plan - Growth,HDFC Mutual Fund,Large Cap,1.29,-0.2015,-0.351,-24.73,5.4297,-0.1159,1.55,87.18,87.18,84.62,79.49,84.62,85.26,2
119095,Axis Small Cap Fund - Regular - Growth,Axis Mutual Fund,Small Cap,-11.7,-0.076,-0.1282,-51.68,5.8691,-0.0793,1.38,100.0,82.05,82.05,41.03,97.44,82.82,3
119092,Axis Bluechip Fund - Regular - Growth,Axis Mutual Fund,Large Cap,0.53,0.0308,0.0526,-14.4,6.4245,0.0314,1.64,89.74,76.92,74.36,98.72,38.46,79.68,4
101207,ABSL Small Cap Fund - Regular - Growth,Aditya Birla Sun Life MF,Small Cap,-4.15,0.1627,0.2766,-35.45,11.9634,-0.0789,1.53,97.44,69.23,58.97,70.51,94.87,78.4,5
119599,SBI Small Cap Fund - Direct Plan - Growth,SBI Mutual Fund,Small Cap,-1.34,-0.0572,-0.0944,-52.57,5.4249,-0.0219,0.72,94.87,79.49,87.18,11.54,100.0,77.5,6
120842,Kotak Emerging Equity Fund - Regular - Growth,Kotak Mahindra MF,Mid Cap,7.75,0.076,0.1247,-24.0,7.4518,0.0254,1.56,69.23,74.36,66.67,82.05,82.05,73.21,7
100025,HDFC Short Term Debt Fund - Regular - Growth,HDFC Mutual Fund,Short Duration,3.92,-0.5671,-0.9418,-4.31,4.2301,0.0034,0.56,84.62,97.44,92.31,2.56,7.69,69.36,8
101208,ABSL Liquid Fund - Regular - Growth,Aditya Birla Sun Life MF,Liquid,6.31,-0.8156,-1.681,-0.16,6.1087,-0.0014,0.79,76.92,100.0,76.92,25.64,5.13,67.82,9
118636,Nippon India Gilt Securities Fund - Regular -,Nippon India MF,Gilt,4.06,-0.3566,-0.6135,-8.32,5.2437,-0.0103,0.55,82.05,94.87,89.74,0.0,12.82,67.56,10
119120,SBI Magnum Gilt Fund - Regular Plan - Growth,SBI Mutual Fund,Gilt,5.84,-0.2266,-0.3768,-4.33,5.892,-0.0181,0.77,79.49,92.31,79.49,20.51,10.26,66.92,11
118634,Nippon India Small Cap Fund - Regular - Growt,Nippon India MF,Small Cap,8.01,0.4484,0.746,-23.34,16.1371,0.1047,1.53,66.67,64.1,48.72,70.51,79.49,64.3,12
120841,Kotak Bluechip Fund - Regular - Growth,Kotak Mahindra MF,Large Cap,17.26,0.4943,0.8626,-17.57,12.6997,0.0283,1.59,53.85,58.97,53.85,87.18,58.97,60.64,13
120844,Kotak Liquid Fund - Regular - Growth,Kotak Mahindra MF,Liquid,6.69,-0.0887,-0.1877,-0.12,6.4826,-0.0018,0.6,74.36,84.62,71.79,5.13,2.56,58.85,14
149322,DSP Top 100 Equity Fund - Regular - Growth,DSP Mutual Fund,Large Cap,18.04,0.464,0.7621,-14.11,11.9487,0.0755,1.54,51.28,61.54,61.54,75.64,35.9,58.01,15
125498,HDFC Mid-Cap Opportunities Fund - Direct - Gr,HDFC Mutual Fund,Mid Cap,11.24,0.3006,0.5088,-21.12,12.0648,-0.003,0.78,64.1,66.67,56.41,23.08,71.79,57.82,16
102885,UTI Nifty 50 Index Fund - Regular - Growth,UTI Mutual Fund,Index,19.66,0.8171,1.4357,-10.86,,,1.57,43.59,38.46,98.72,84.62,15.38,56.67,17
102887,UTI Flexi Cap Fund - Regular - Growth,UTI Mutual Fund,Flexi Cap,25.55,0.6195,1.0888,-21.29,17.0354,-0.0481,1.64,30.77,53.85,43.59,98.72,74.36,53.66,18
119093,Axis Bluechip Fund - Direct - Growth,Axis Mutual Fund,Large Cap,20.81,0.1296,0.2211,-21.75,7.5442,0.0478,0.75,38.46,71.79,64.1,17.95,76.92,52.69,19
120507,ICICI Pru Liquid Fund - Regular - Growth,ICICI Prudential MF,Liquid,7.39,0.4957,1.0521,-0.1,6.799,-0.0034,0.74,71.79,56.41,69.23,15.38,0.0,51.79,20
118635,Nippon India ETF Nifty 50 BeES,Nippon India MF,Index/ETF,20.0,0.6649,1.138,-11.51,,,0.89,41.03,46.15,98.72,30.77,23.08,50.51,21
120506,ICICI Pru Value Discovery Fund - Regular - Gr,ICICI Prudential MF,Value,18.42,0.6489,1.0959,-19.83,16.6833,-0.0187,1.41,48.72,48.72,46.15,46.15,66.67,49.62,22
148568,Mirae Asset Emerging Bluechip Fund - Regular ,Mirae Asset MF,Large & Mid Cap,14.74,0.9263,1.6327,-15.27,21.0426,-0.0156,1.52,58.97,35.9,33.33,65.38,46.15,47.75,23
120503,ICICI Pru Bluechip Fund - Regular - Growth,ICICI Prudential MF,Large Cap,13.97,0.798,1.3379,-13.9,17.6081,-0.0018,1.42,61.54,41.03,38.46,48.72,33.33,47.05,24
125497,HDFC Top 100 Fund - Direct Plan - Growth,HDFC Mutual Fund,Large Cap,18.43,0.7758,1.3307,-15.2,17.2594,0.0386,0.92,46.15,43.59,41.03,33.33,43.59,42.31,25
118633,Nippon India Large Cap Fund - Direct - Growth,Nippon India MF,Large Cap,21.08,0.6452,1.1545,-18.63,15.3508,0.0112,0.72,35.9,51.28,51.28,11.54,64.1,41.99,26
118632,Nippon India Large Cap Fund - Regular - Growt,Nippon India MF,Large Cap,22.65,1.0817,1.8501,-17.41,21.0616,0.0462,1.51,33.33,17.95,30.77,60.26,56.41,35.32,27
119552,SBI Bluechip Fund - Direct Plan - Growth,SBI Mutual Fund,Large Cap,16.26,0.9533,1.6098,-11.8,19.7715,0.001,0.66,56.41,28.21,35.9,7.69,25.64,34.87,28
149324,DSP Small Cap Fund - Regular - Growth,DSP Mutual Fund,Small Cap,26.99,0.9498,1.6198,-31.17,28.775,0.0821,1.52,23.08,30.77,5.13,65.38,92.31,34.68,29
119598,SBI Small Cap Fund - Regular Plan - Growth,SBI Mutual Fund,Small Cap,26.66,0.9453,1.6753,-28.71,30.6218,-0.0222,1.43,28.21,33.33,0.0,51.28,89.74,33.46,30
149323,DSP Midcap Fund - Regular - Growth,DSP Mutual Fund,Mid Cap,26.86,1.1321,1.8751,-17.25,27.8138,-0.0761,1.61,25.64,12.82,10.26,94.87,53.85,32.56,31
101206,ABSL Frontline Equity Fund - Regular - Growth,Aditya Birla Sun Life MF,Large Cap,28.96,1.0272,1.7996,-11.29,22.6333,-0.0728,1.6,20.51,20.51,23.08,91.03,20.51,31.6,32
148569,Mirae Asset Tax Saver Fund - Regular - Growth,Mirae Asset MF,ELSS,29.17,1.2349,2.1469,-16.4,27.6151,0.0443,1.6,17.95,5.13,12.82,91.03,51.28,28.01,33
119551,SBI Bluechip Fund - Regular Plan - Growth,SBI Mutual Fund,Large Cap,30.45,1.2083,2.1403,-15.01,21.4535,0.1027,1.54,12.82,7.69,28.21,75.64,41.03,26.86,34
119094,Axis Midcap Fund - Regular - Growth,Axis Mutual Fund,Mid Cap,35.1,0.9982,1.7038,-20.96,24.4335,0.0896,1.38,0.0,25.64,20.51,41.03,69.23,23.59,35
120504,ICICI Pru Bluechip Fund - Direct - Growth,ICICI Prudential MF,Large Cap,32.48,1.0265,1.8053,-12.59,22.2664,-0.0636,0.8,5.13,23.08,25.64,28.21,28.21,19.49,36
120843,Kotak Flexicap Fund - Regular - Growth,Kotak Mahindra MF,Flexi Cap,29.58,1.3067,2.3643,-12.97,27.4649,-0.0127,1.45,15.38,2.56,15.38,53.85,30.77,19.48,37
100033,HDFC Mid-Cap Opportunities Fund - Regular - G,HDFC Mutual Fund,Mid Cap,32.43,1.0937,1.8291,-16.22,28.58,-0.0852,1.38,7.69,15.38,7.69,41.03,48.72,18.72,38
120505,ICICI Pru Midcap Fund - Regular - Growth,ICICI Prudential MF,Mid Cap,31.77,1.1801,2.0294,-18.19,29.1004,0.0103,1.36,10.26,10.26,2.56,35.9,61.54,17.69,39
148567,Mirae Asset Large Cap Fund - Regular - Growth,Mirae Asset MF,Large Cap,33.99,1.4483,2.3856,-11.27,26.8681,0.0117,1.46,2.56,0.0,17.95,56.41,17.95,14.61,40
